Processed Query;Total Tokens;Stop Words;Unknown Words;Method Calls;Verbs;Nouns;Proportion of Verbs;Proportion of Nouns;Likert;Answers;Query Problem
;;;;;;;;;;;
;;;;;;;;;;;
;;;;;;;;;;;
;;;;;;;;;;;
;;;;;;;;;;;
add to beginning of list clojure;6;3;0;0;1;3;16.67;50.0;1;5;other language
;;;;;;;;;;;
can we suspend/disable Control-M job for a period of time strictly fro;12;4;0;0;0;5;0.0;41.67;1;5;environment
;;;;;;;;;;;
null pointer exception;3;0;0;0;0;2;0.0;66.67;1;5;too general
;;;;;;;;;;;
how to freeze a table header using jquery;8;3;0;0;2;3;25.0;37.5;1;5;other language
;;;;;;;;;;;
itk image registration how to register;6;2;0;0;1;3;16.67;50.0;1;5;no obvious reason
;;;;;;;;;;;
acknowledge SqsListener message;3;0;0;0;1;2;33.33;66.67;1;10;no obvious reason
;;;;;;;;;;;
502 bad gateway running a jsp on tomcat;8;1;0;0;1;3;12.5;37.5;1;5;debug corrective
;;;;;;;;;;;
delete item from list;4;1;0;0;1;2;25.0;50.0;1;5;no obvious reason
;;;;;;;;;;;
how do I print hello world;6;4;0;0;2;1;33.33;16.67;1;5;no obvious reason
;;;;;;;;;;;
how to remove an element from an array;8;4;0;0;1;2;12.5;25.0;1;10;no obvious reason
;;;;;;;;;;;
;;;;;;;;;;;
;;;;;;;;;;;
how to define singleton;4;2;0;0;1;1;25.0;25.0;1;5;no obvious reason
;;;;;;;;;;;
;;;;;;;;;;;
;;;;;;;;;;;
;;;;;;;;;;;
;;;;;;;;;;;
how do I add headers to a reponse in flask;10;4;0;0;2;3;20.0;30.0;1;5;other language
;;;;;;;;;;;
Connect Logitech MX Anywhere in Ubuntu;6;1;0;0;1;4;16.67;66.67;1;10;non development
;;;;;;;;;;;
Connect 'Logitech MX Anywhere mouse' in Ubuntu;7;1;0;0;1;5;14.29;71.43;1;10;non development
;;;;;;;;;;;
Check if a user is running IE10;7;2;0;0;3;2;42.86;28.57;1;5;no obvious reason
;;;;;;;;;;;
How to create an interface in typescript;7;3;0;0;1;2;14.29;28.57;1;5;other language
;;;;;;;;;;;
crozier;1;0;0;0;0;1;0.0;100.0;1;5;strange query
;;;;;;;;;;;
how to create singleton class;5;2;0;0;1;2;20.0;40.0;1;1;no obvious reason
;;;;;;;;;;;
keras non trainable parameter;4;1;0;0;0;1;0.0;25.0;1;5;no obvious reason
;;;;;;;;;;;
spring databuffer to string;4;1;0;0;0;3;0.0;75.0;1;5;no obvious reason
;;;;;;;;;;;
for loop;2;1;0;0;0;1;0.0;50.0;1;1;no obvious reason
;;;;;;;;;;;
loop for 6 times;4;1;0;0;0;2;0.0;50.0;1;1;too specific
;;;;;;;;;;;
how to find list in string;6;3;0;0;1;2;16.67;33.33;1;5;no obvious reason
;;;;;;;;;;;
how to write bytes to a tcp socket stream?;9;2;0;0;1;4;11.11;44.44;1;5;no obvious reason
;;;;;;;;;;;
how to remove the disabled attribute with jquery;8;4;0;0;1;2;12.5;25.0;1;5;no obvious reason
;;;;;;;;;;;
How to call a REST API from PowerShell;8;2;0;0;1;3;12.5;37.5;1;5;non development
;;;;;;;;;;;
powershell custom type accelerator;4;0;0;0;0;4;0.0;100.0;1;5;non development
;;;;;;;;;;;
open a file in go;5;2;0;0;1;2;20.0;40.0;1;5;other language
;;;;;;;;;;;
;;;;;;;;;;;
;;;;;;;;;;;
How to disable blue notification badges on vscode;8;2;0;0;1;3;12.5;37.5;1;5;environment
;;;;;;;;;;;
hot to use deferred customactions;5;2;0;0;1;1;20.0;20.0;1;5;glued words
;;;;;;;;;;;
loop for 6 times;;;;;;;;;;;
;;;;;;;;;;;
Webflow interaction to react;4;1;0;0;1;2;25.0;50.0;1;5;other language
;;;;;;;;;;;
How to mix audio in ffmpeg?;6;2;0;0;1;2;16.67;33.33;1;5;no obvious reason
;;;;;;;;;;;
How to paginate results in Firebase;6;3;0;0;1;2;16.67;33.33;1;5;environment
;;;;;;;;;;;
How to define a class;5;1;0;0;1;1;20.0;20.0;1;5;no obvious reason
;;;;;;;;;;;
How to invert binary tree;5;1;0;0;1;1;20.0;20.0;1;5;no obvious reason
;;;;;;;;;;;
How to delete an element from hashMap by key;9;4;0;0;1;3;11.11;33.33;1;5;no obvious reason
;;;;;;;;;;;
how to find the size of a hashmap;8;4;0;0;1;2;12.5;25.0;1;1;no obvious reason
;;;;;;;;;;;
groupby substring in jpql query;5;1;0;0;0;3;0.0;60.0;1;5;no obvious reason
;;;;;;;;;;;
;;;;;;;;;;;
;;;;;;;;;;;
how to exit a wpf programm?;6;2;0;0;1;2;16.67;33.33;1;5;other language
;;;;;;;;;;;
how to generate uuid for spring data jdbc?;8;3;0;0;1;4;12.5;50.0;1;5;no obvious reason
;;;;;;;;;;;
how to create a window;5;2;0;0;1;1;20.0;20.0;1;5;no obvious reason
;;;;;;;;;;;
generate html from xpath;4;1;0;0;1;2;25.0;50.0;1;10;no obvious reason
;;;;;;;;;;;
what is a thread?;4;2;0;0;1;1;25.0;25.0;1;5;conceptual
;;;;;;;;;;;
split string by spaces;4;1;0;0;0;2;0.0;50.0;1;5;no obvious reason
;;;;;;;;;;;
Reverse each string in a list;6;2;0;0;0;2;0.0;33.33;1;5;too specific
;;;;;;;;;;;
Change fragment of Activity;4;1;0;0;0;3;0.0;75.0;1;5;no obvious reason
;;;;;;;;;;;
How to get IntelliJ to run my code?;8;4;0;0;2;2;25.0;25.0;1;5;environment
;;;;;;;;;;;
bigquery run query from file;5;2;0;0;0;4;0.0;80.0;1;5;environment
;;;;;;;;;;;
How can I force the text in the input field of the command line to sho;16;6;0;0;1;6;6.25;37.5;1;5;environment
;;;;;;;;;;;
find second last element of array;6;3;0;0;1;2;16.67;33.33;1;5;no obvious reason
;;;;;;;;;;;
print to console;3;1;0;0;1;1;33.33;33.33;1;5;no obvious reason
;;;;;;;;;;;
how do I reverse a byte array?;7;2;0;0;2;2;28.57;28.57;1;5;no obvious reason
;;;;;;;;;;;
remove an element from array;5;2;0;0;1;2;20.0;40.0;1;5;no obvious reason
;;;;;;;;;;;
How to make get request?;5;3;0;0;2;1;40.0;20.0;1;5;no obvious reason
;;;;;;;;;;;
how create an xor linked list;6;2;0;0;2;2;33.33;33.33;1;5;no obvious reason
;;;;;;;;;;;
What is size of long;5;2;0;0;1;1;20.0;20.0;1;5;conceptual
;;;;;;;;;;;
how garbage collection works;4;1;0;0;1;2;25.0;50.0;1;5;conceptual
;;;;;;;;;;;
how to convert from input stream to outputstream;8;3;0;0;2;2;25.0;25.0;1;5;no obvious reason
;;;;;;;;;;;
how to write test cases for angular2 form control;9;3;0;0;1;5;11.11;55.56;1;5;other language
;;;;;;;;;;;
how to merge two arrays;5;3;0;0;1;1;20.0;20.0;1;5;no obvious reason
;;;;;;;;;;;
How to sort ab array?;5;1;0;0;1;2;20.0;40.0;1;5;no obvious reason
;;;;;;;;;;;
how to add more memory;5;3;0;0;1;1;20.0;20.0;1;5;environment
;;;;;;;;;;;
How to calculate F-score;4;1;0;0;1;1;25.0;25.0;1;5;conceptual
;;;;;;;;;;;
;;;;;;;;;;;
;;;;;;;;;;;
"How to have a "" in a string java";9;3;0;0;1;2;11.11;22.22;1;5;no obvious reason
;;;;;;;;;;;
Create a class named BAa;5;0;0;0;2;2;40.0;40.0;1;5;no obvious reason
;;;;;;;;;;;
pandas drop duplicate indexes;4;0;0;0;2;2;50.0;50.0;1;5;other language
;;;;;;;;;;;
How to map multiple objects to DTO with MapStruct?;9;2;0;0;1;3;11.11;33.33;1;1;
;;;;;;;;;;;
how to make a get request in angularjs;8;5;0;0;2;2;25.0;25.0;1;10;other language
;;;;;;;;;;;
How do I map a function over a list in parallel?;11;3;0;0;2;3;18.18;27.27;1;5;no obvious reason
;;;;;;;;;;;
how to read a file into a string ?;9;4;0;0;1;2;11.11;22.22;1;5;no obvious reason
;;;;;;;;;;;
How to join two URLs?;5;2;0;0;1;1;20.0;20.0;1;5;no obvious reason
;;;;;;;;;;;
why is java bad;4;2;0;0;1;1;25.0;25.0;1;5;conceptual
;;;;;;;;;;;
how to deserialize json string to object with jackson;9;3;0;0;2;3;22.22;33.33;1;1;no obvious reason
;;;;;;;;;;;
How to verify optionnals;4;1;1;0;1;1;25.0;25.0;1;5;typo
;;;;;;;;;;;
App log in;3;1;0;0;0;2;0.0;66.67;1;5;typo
;;;;;;;;;;;
how  to draw string with different colors depending on the characters;11;6;0;0;2;3;18.18;27.27;1;5;no obvious reason
;;;;;;;;;;;
Animation in xojo;3;1;0;0;0;2;0.0;66.67;1;5;too specific
;;;;;;;;;;;
how to change a private field;6;2;0;0;1;1;16.67;16.67;1;5;no obvious reason
;;;;;;;;;;;
erase disk;2;0;0;0;1;1;50.0;50.0;1;5;environment
;;;;;;;;;;;
Dictionary;1;0;0;0;0;1;0.0;100.0;1;10;no obvious reason
;;;;;;;;;;;
how to calculate how many dead hookers fit in a trunk;11;4;1;0;2;2;18.18;18.18;1;5;joke
;;;;;;;;;;;
why would woodchucks whittle wood when whacking water would wield wet?;11;3;0;0;3;3;27.27;27.27;1;5;joke
;;;;;;;;;;;
is epstein alive;3;1;0;0;1;1;33.33;33.33;1;5;joke
;;;;;;;;;;;
How to write WCF service without SOAP action routing?;9;2;0;0;2;4;22.22;44.44;1;5;other language
;;;;;;;;;;;
How to convert an array of arrays to lists of lists?;11;3;0;0;1;3;9.09;27.27;1;5;too specific
;;;;;;;;;;;
How to stable sort an array;6;2;0;0;0;2;0.0;33.33;1;5;no obvious reason
;;;;;;;;;;;
how to parse yaml to data structure;7;2;0;0;1;3;14.29;42.86;1;5;no obvious reason
;;;;;;;;;;;
How to convert int to string;6;1;0;0;1;2;16.67;33.33;1;5;no obvious reason
;;;;;;;;;;;
how to remove every second element from a linked list;10;5;0;0;2;2;20.0;20.0;1;5;too specific
;;;;;;;;;;;
wrap lines in a paragraph;5;1;0;0;0;3;0.0;60.0;1;5;too specific
;;;;;;;;;;;
spring boot security remove default login;6;0;0;0;1;5;16.67;83.33;1;5;no obvious reason
;;;;;;;;;;;
How to declarate an abstract class;6;2;0;0;1;1;16.67;16.67;1;5;typo
;;;;;;;;;;;
merge k sorted lists;4;0;0;0;2;2;50.0;50.0;1;5;too specific
;;;;;;;;;;;
How to basic?;3;1;0;0;0;0;0.0;0.0;1;5;typo
;;;;;;;;;;;
how to prevent two threads from modifying the same variable at the sam;13;7;0;0;2;3;15.38;23.08;1;5;conceptual
;;;;;;;;;;;
how to declare a singleton;5;2;0;0;1;1;20.0;20.0;1;10;no obvious reason
;;;;;;;;;;;
cast char to int;4;1;0;0;2;1;50.0;25.0;1;5;no obvious reason
;;;;;;;;;;;
;;;;;;;;;;;
;;;;;;;;;;;
;;;;;;;;;;;
;;;;;;;;;;;
how to get number of element in a list;9;5;0;0;1;3;11.11;33.33;1;5;no obvious reason
;;;;;;;;;;;
how to read from the command line;7;5;0;0;1;2;14.29;28.57;1;5;environment
;;;;;;;;;;;
how do i declare a rest request handler;8;2;0;0;2;3;25.0;37.5;1;5;no obvious reason
;;;;;;;;;;;
How to create a HashMap?;5;1;0;0;1;1;20.0;20.0;1;5;no obvious reason
;;;;;;;;;;;
pip for java;3;1;0;0;0;2;0.0;66.67;1;5;environment
;;;;;;;;;;;
;;;;;;;;;;;
;;;;;;;;;;;
Eclipse see workspace log;4;1;0;0;1;3;25.0;75.0;1;5;environment
;;;;;;;;;;;
kill all humans;3;1;0;0;1;1;33.33;33.33;1;5;joke
;;;;;;;;;;;
Read Json from a web app;6;1;0;0;0;4;0.0;66.67;1;1;no obvious reason
;;;;;;;;;;;
what is max int;4;2;0;0;1;2;25.0;50.0;1;5;conceptual
;;;;;;;;;;;
remove elements from an array;5;2;0;0;1;2;20.0;40.0;1;1;no obvious reason
;;;;;;;;;;;
How to speed-up eclipse;4;1;0;0;1;1;25.0;25.0;1;5;environment
;;;;;;;;;;;
Declare variable;2;0;0;0;1;1;50.0;50.0;1;1;no obvious reason
;;;;;;;;;;;
hot to define a class;5;1;0;0;1;1;20.0;20.0;1;5;conceptual
;;;;;;;;;;;
reversing an array of strings inline;6;2;0;0;2;2;33.33;33.33;1;5;no obvious reason
;;;;;;;;;;;
how to add icon to an .exe file;8;3;0;0;1;3;12.5;37.5;1;1;environment
;;;;;;;;;;;
convert list to hashmap;4;1;0;0;1;2;25.0;50.0;1;5;no obvious reason
;;;;;;;;;;;
jQuery in iframe?;3;1;0;0;0;2;0.0;66.67;1;10;other language
;;;;;;;;;;;
How to draw a boundary around a set of points;10;3;0;0;1;3;10.0;30.0;1;5;too specific
;;;;;;;;;;;
how to create full height slideshow buttons;7;2;0;0;1;3;14.29;42.86;1;10;
;;;;;;;;;;;
how to increase an integer;5;3;0;0;1;1;20.0;20.0;1;5;
;;;;;;;;;;;
hwo to change a method;5;1;0;0;1;2;20.0;40.0;1;5;
;;;;;;;;;;;
how to get system cpu count;6;3;0;0;1;3;16.67;50.0;1;5;
;;;;;;;;;;;
monkey sort;2;0;0;0;0;2;0.0;100.0;1;5;
;;;;;;;;;;;
typescript react defaultprops;3;0;0;0;1;2;33.33;66.67;1;5;
;;;;;;;;;;;
split string in chunks with defined lenght;7;2;0;0;1;3;14.29;42.86;1;5;
;;;;;;;;;;;
hot to coerce a string into an array of characters;10;4;0;0;1;3;10.0;30.0;1;5;
;;;;;;;;;;;
How to create main screen;5;1;0;0;1;1;20.0;20.0;1;5;
;;;;;;;;;;;
mp3 decoder;2;0;0;0;0;2;0.0;100.0;1;5;
;;;;;;;;;;;
How to write a file driver;6;1;0;0;1;2;16.67;33.33;1;5;
;;;;;;;;;;;
How to remove an entry from database;7;3;0;0;1;2;14.29;28.57;1;10;
;;;;;;;;;;;
How to deploy a rails app to heroku when the rails app is not in the r;17;6;0;0;2;4;11.76;23.53;1;5;
;;;;;;;;;;;
spring boot run jar;4;1;0;0;1;3;25.0;75.0;1;5;
;;;;;;;;;;;
command;1;0;0;0;0;1;0.0;100.0;1;5;
;;;;;;;;;;;
Primefaces menuitem width;3;0;0;0;0;3;0.0;100.0;1;5;
;;;;;;;;;;;
How to remove workgroup from array;6;2;0;0;1;2;16.67;33.33;1;5;
;;;;;;;;;;;
springboot;1;0;0;0;0;1;0.0;100.0;1;5;
;;;;;;;;;;;
how to use list;4;3;0;0;1;1;25.0;25.0;1;10;
;;;;;;;;;;;
how can i split a class;6;2;0;0;1;1;16.67;16.67;1;10;
;;;;;;;;;;;
hibernate stale exception;3;0;0;0;1;1;33.33;33.33;1;5;
;;;;;;;;;;;
how to edit minecraft minecart speed?;6;2;1;0;1;3;16.67;50.0;1;5;
;;;;;;;;;;;
P r int to standard out;6;2;0;0;0;3;0.0;50.0;1;5;
;;;;;;;;;;;
Print to standard out;4;2;0;0;1;0;25.0;0.0;1;5;
;;;;;;;;;;;
Difference& and &&;3;1;0;0;0;1;0.0;33.33;1;5;
;;;;;;;;;;;
spark reducer to count null value in Java;8;3;0;0;2;3;25.0;37.5;1;5;
;;;;;;;;;;;
;;;;;;;;;;;
;;;;;;;;;;;
get file from ec2 url;5;2;0;0;1;3;20.0;60.0;1;5;
;;;;;;;;;;;
I d like to remove a single element from an array;10;4;0;0;2;2;20.0;20.0;1;5;
;;;;;;;;;;;
multiple path in makefile;4;1;0;0;0;2;0.0;50.0;1;5;
;;;;;;;;;;;
Stored procedures;2;0;0;0;1;1;50.0;50.0;1;10;
;;;;;;;;;;;
how to remove inside border decoration from JButton;8;4;0;0;1;3;12.5;37.5;1;5;
;;;;;;;;;;;
How to toggle a css class;6;1;0;0;1;2;16.67;33.33;1;5;
;;;;;;;;;;;
Compute normal distribution density;4;0;0;0;1;2;25.0;50.0;1;5;
;;;;;;;;;;;
download files from list of urls java;7;2;0;0;0;4;0.0;57.14;1;5;
;;;;;;;;;;;
;;;;;;;;;;;
;;;;;;;;;;;
how to convert a number to a string;8;2;0;0;1;2;12.5;25.0;1;5;
;;;;;;;;;;;
how to prevent race conditions in go;7;4;0;0;1;3;14.29;42.86;1;5;
;;;;;;;;;;;
How does hashmap implement entry;5;1;0;0;2;2;40.0;40.0;1;5;
;;;;;;;;;;;
Hibernate;1;0;0;0;1;0;100.0;0.0;1;5;
;;;;;;;;;;;
how use future;3;2;0;0;1;1;33.33;33.33;1;5;
;;;;;;;;;;;
how create map;3;1;0;0;1;1;33.33;33.33;1;5;
;;;;;;;;;;;
opps;1;0;0;0;0;1;0.0;100.0;1;5;
;;;;;;;;;;;
sapui5 add a grid;4;0;0;0;1;2;25.0;50.0;1;5;
;;;;;;;;;;;
Rest API transformation;3;0;0;0;1;2;33.33;66.67;1;5;
;;;;;;;;;;;
how to change elasticsearch data location;6;2;0;0;1;2;16.67;33.33;1;5;
;;;;;;;;;;;
nanohttpd json service;3;0;0;0;0;3;0.0;100.0;1;5;
;;;;;;;;;;;
;;;;;;;;;;;
;;;;;;;;;;;
labview empty file;3;0;0;0;0;2;0.0;66.67;1;5;
;;;;;;;;;;;
labview delete file content;4;0;0;0;1;3;25.0;75.0;1;5;
;;;;;;;;;;;
Opensaml module-inf open;3;0;0;0;0;2;0.0;66.67;1;5;
;;;;;;;;;;;
Create hasmap;2;0;0;0;1;1;50.0;50.0;1;5;
;;;;;;;;;;;
tabu search;2;0;0;0;0;2;0.0;100.0;1;5;
;;;;;;;;;;;
array sort;2;0;0;0;0;2;0.0;100.0;1;5;
;;;;;;;;;;;
how to remove element in array;6;3;0;0;1;2;16.67;33.33;1;10;
;;;;;;;;;;;
group by jpa;3;1;0;0;0;2;0.0;66.67;1;10;
;;;;;;;;;;;
Data Structure;2;0;0;0;0;2;0.0;100.0;1;10;
;;;;;;;;;;;
android do not concatenate text displayed with settext(). use resource;10;4;0;0;2;5;20.0;50.0;1;10;
;;;;;;;;;;;
How to saveAsTable with pyspark;5;2;0;0;0;1;0.0;20.0;1;10;
;;;;;;;;;;;
What is ews in office web add ins;8;2;0;0;2;3;25.0;37.5;1;10;
;;;;;;;;;;;
android find calling function;4;0;0;0;2;2;50.0;50.0;1;10;
;;;;;;;;;;;
how to scroll coordinator;4;2;0;0;1;1;25.0;25.0;1;10;
;;;;;;;;;;;
How to print something on the console?;7;4;0;0;1;2;14.29;28.57;1;1;
;;;;;;;;;;;
Unity OnApplicationQuit force close;4;0;1;0;0;4;0.0;100.0;1;10;
;;;;;;;;;;;
How to order a list using stream api?;8;2;0;0;2;3;25.0;37.5;1;10;
;;;;;;;;;;;
build an http REST API;5;1;0;0;1;2;20.0;40.0;1;10;
;;;;;;;;;;;
normalize two arrays based on standard curve;7;2;0;0;2;2;28.57;28.57;1;1;
;;;;;;;;;;;
reading files;2;0;0;0;1;1;50.0;50.0;1;10;
;;;;;;;;;;;
datables laravel;2;0;0;0;0;1;0.0;50.0;1;10;
;;;;;;;;;;;
how implement datatables plugin;4;1;0;0;1;2;25.0;50.0;1;10;
;;;;;;;;;;;
Barby code;2;0;1;0;0;2;0.0;100.0;1;10;
;;;;;;;;;;;
Pandas concatenate dataframes;3;0;0;0;0;3;0.0;100.0;1;10;
;;;;;;;;;;;
Limitar casas decimais;3;0;2;0;0;1;0.0;33.33;1;10;
;;;;;;;;;;;
how to dispose jframe;4;2;0;0;1;1;25.0;25.0;1;1;
;;;;;;;;;;;
how to remove element form link list;7;2;0;0;1;4;14.29;57.14;1;10;
;;;;;;;;;;;
fail to obtain db;4;2;0;0;2;1;50.0;25.0;1;10;
;;;;;;;;;;;
java string buffer;3;0;0;0;0;3;0.0;100.0;1;10;
;;;;;;;;;;;
write toml file;3;0;0;0;1;2;33.33;66.67;1;10;
;;;;;;;;;;;
write toml;2;0;0;0;1;1;50.0;50.0;1;10;
;;;;;;;;;;;
serialise toml;2;0;0;0;0;2;0.0;100.0;1;10;
;;;;;;;;;;;
toml;1;0;0;0;0;1;0.0;100.0;1;10;
;;;;;;;;;;;
finding my are;3;2;0;0;2;0;66.67;0.0;1;10;
;;;;;;;;;;;
How to obfuscate an in-memory jar file;7;2;0;0;1;2;14.29;28.57;1;10;
;;;;;;;;;;;
how to plot data;4;2;0;0;1;1;25.0;25.0;1;10;
;;;;;;;;;;;
how can I get the absolute value of an integer;10;7;0;0;1;2;10.0;20.0;1;10;
;;;;;;;;;;;
Json;1;0;0;0;0;1;0.0;100.0;1;10;
;;;;;;;;;;;
how to create singleton;4;2;0;0;1;1;25.0;25.0;2;5;
;;;;;;;;;;;
How to log data?;4;1;0;0;1;1;25.0;25.0;2;10;
;;;;;;;;;;;
Delete temporary files automatically;4;0;0;0;1;1;25.0;25.0;2;5;
;;;;;;;;;;;
HTML5 Canvas draw resizable grid;5;0;0;0;1;3;20.0;60.0;2;5;
;;;;;;;;;;;
how to fix cannot find symbol;6;4;0;0;2;1;33.33;16.67;2;5;
;;;;;;;;;;;
;;;;;;;;;;;
;;;;;;;;;;;
How to filter a dtresm;5;1;1;0;0;2;0.0;40.0;2;5;
;;;;;;;;;;;
;;;;;;;;;;;
;;;;;;;;;;;
how to iterate array of arrays;6;3;0;0;1;2;16.67;33.33;2;5;
;;;;;;;;;;;
how to reverse elements of an array;7;4;0;0;1;2;14.29;28.57;2;5;
;;;;;;;;;;;
How to handle json responses;5;1;0;0;1;2;20.0;40.0;2;5;
;;;;;;;;;;;
How do I extract only the overlaping keys in two objects;11;6;0;0;3;2;27.27;18.18;2;5;
;;;;;;;;;;;
using streams remove all special characters from a very large file;11;4;0;0;2;3;18.18;27.27;2;5;
;;;;;;;;;;;
How to delete an object;5;2;0;0;1;1;20.0;20.0;2;5;
;;;;;;;;;;;
load site definitions from magnolia jcr;6;1;0;0;0;5;0.0;83.33;2;5;
;;;;;;;;;;;
java stream to exactly one element;6;3;0;0;0;3;0.0;50.0;2;5;
;;;;;;;;;;;
how are annotations used;4;3;0;0;2;1;50.0;25.0;2;10;
;;;;;;;;;;;
;;;;;;;;;;;
;;;;;;;;;;;
How to determine if a given date is a weekday;10;5;0;0;3;2;30.0;20.0;2;5;
;;;;;;;;;;;
resize array;2;0;0;0;1;1;50.0;50.0;2;5;
;;;;;;;;;;;
poll keystroke;2;0;0;0;0;2;0.0;100.0;2;10;
;;;;;;;;;;;
convert string to array;4;1;0;0;1;2;25.0;50.0;2;10;
;;;;;;;;;;;
Remove element in arraylist loop;5;1;0;0;1;3;20.0;60.0;2;1;
;;;;;;;;;;;
What is an array?;4;2;0;0;1;1;25.0;25.0;2;5;
;;;;;;;;;;;
How to convert a file to a uri;8;1;0;0;1;2;12.5;25.0;2;5;
;;;;;;;;;;;
call default method;3;0;0;0;0;3;0.0;100.0;2;5;
;;;;;;;;;;;
how to rollback git commit;5;2;0;0;1;2;20.0;40.0;2;5;
;;;;;;;;;;;
subscribe to queue;3;1;0;0;2;0;66.67;0.0;2;5;
;;;;;;;;;;;
how to remove an element from an ordered array;9;4;0;0;2;2;22.22;22.22;2;5;
;;;;;;;;;;;
How do I make a new scope in CDI;9;4;0;0;2;2;22.22;22.22;2;5;
;;;;;;;;;;;
How to remove objects in two dimensional list like structure;10;4;0;0;1;3;10.0;30.0;2;5;
;;;;;;;;;;;
How to connect to a websocket using a proxy?;9;2;0;0;2;2;22.22;22.22;2;5;
;;;;;;;;;;;
add column like excel;4;1;0;0;2;1;50.0;25.0;2;5;
;;;;;;;;;;;
Convert image to ascii;4;1;0;0;2;1;50.0;25.0;2;5;
;;;;;;;;;;;
what is the difference between an array and an arraylist;10;6;0;0;1;3;10.0;30.0;2;5;
;;;;;;;;;;;
print hello world;3;2;0;0;0;2;0.0;66.67;2;5;
;;;;;;;;;;;
How to unitest in java;5;2;0;0;1;1;20.0;20.0;2;5;
;;;;;;;;;;;
Create a socket;3;0;0;0;1;1;33.33;33.33;2;5;
;;;;;;;;;;;
how to traverse a stream recursive;6;2;0;0;1;1;16.67;16.67;2;5;
;;;;;;;;;;;
what is a lambda expression?;5;2;0;0;1;2;20.0;40.0;2;5;
;;;;;;;;;;;
How to download a webseite;5;1;0;0;1;1;20.0;20.0;2;10;
;;;;;;;;;;;
get Text from a file;5;2;0;0;2;1;40.0;20.0;2;5;
;;;;;;;;;;;
what is call-by-name in java;5;3;0;0;1;2;20.0;40.0;2;5;
;;;;;;;;;;;
rtrim in java;3;1;0;0;0;2;0.0;66.67;2;5;
;;;;;;;;;;;
;;;;;;;;;;;
;;;;;;;;;;;
How to read a text file line by line;9;3;0;0;1;3;11.11;33.33;2;5;
;;;;;;;;;;;
How to compare Integers;4;1;0;0;1;1;25.0;25.0;2;5;
;;;;;;;;;;;
Given an array of integers, return indices of the two numbers such tha;13;5;1;0;1;5;7.69;38.46;2;5;
;;;;;;;;;;;
how do I draw a cube on the screen;9;4;0;0;2;2;22.22;22.22;2;5;
;;;;;;;;;;;
how to write a for loop;6;3;0;0;1;1;16.67;16.67;2;5;
;;;;;;;;;;;
How do I make a string uppercase;7;2;0;0;2;2;28.57;28.57;2;5;
;;;;;;;;;;;
Count all prime numbers;4;1;0;0;1;1;25.0;25.0;2;5;
;;;;;;;;;;;
how to remove one element from an vector?;8;5;0;0;1;2;12.5;25.0;2;5;
;;;;;;;;;;;
Fill Array;2;0;0;0;1;1;50.0;50.0;2;5;
;;;;;;;;;;;
Okhttp log queries;3;0;0;0;0;3;0.0;100.0;2;5;
;;;;;;;;;;;
remove item from stream;4;1;0;0;1;2;25.0;50.0;2;5;
;;;;;;;;;;;
how to bind postgres jsonb with jdbi3;7;3;0;0;1;3;14.29;42.86;2;5;
;;;;;;;;;;;
change log levels in spring cloud;6;1;0;0;0;5;0.0;83.33;2;5;
;;;;;;;;;;;
How to implement an undo manager functionally;7;2;0;0;2;1;28.57;14.29;2;5;
;;;;;;;;;;;
webform alternative;2;0;0;0;0;1;0.0;50.0;2;10;
;;;;;;;;;;;
How to create folders;4;1;0;0;1;1;25.0;25.0;2;5;
;;;;;;;;;;;
Asynchronous nio download file from url;6;1;0;0;0;4;0.0;66.67;2;5;
;;;;;;;;;;;
how do I get json from a rest API endpoint;10;4;0;0;2;4;20.0;40.0;2;5;
;;;;;;;;;;;
spring controller inherit method request mapping;6;0;0;0;1;5;16.67;83.33;2;10;
;;;;;;;;;;;
How to format a date;5;2;0;0;0;2;0.0;40.0;2;5;
;;;;;;;;;;;
how to resolve mismatched dependencies;5;2;0;0;1;1;20.0;20.0;2;5;
;;;;;;;;;;;
loop on array and change value;6;3;0;0;0;4;0.0;66.67;2;10;
;;;;;;;;;;;
how to save uri in sharedpreference;6;3;0;0;1;2;16.67;33.33;2;10;
;;;;;;;;;;;
remove 5th element from array;5;1;0;0;1;2;20.0;40.0;2;10;
;;;;;;;;;;;
equivalent of dictionary;3;1;0;0;0;2;0.0;66.67;2;10;
;;;;;;;;;;;
instantiate a class;3;0;0;0;1;1;33.33;33.33;2;10;
;;;;;;;;;;;
;;;;;;;;;;;
;;;;;;;;;;;
How to read keyboard;4;1;0;0;1;1;25.0;25.0;2;10;
;;;;;;;;;;;
modify properties in properties file;5;1;0;0;1;2;20.0;40.0;2;10;
;;;;;;;;;;;
implement masstransit;2;0;0;0;1;1;50.0;50.0;2;10;
;;;;;;;;;;;
how to splice from an array;6;4;0;0;0;2;0.0;33.33;2;10;
;;;;;;;;;;;
Connect to api;3;1;0;0;2;0;66.67;0.0;2;10;
;;;;;;;;;;;
stream only one result;4;2;0;0;0;2;0.0;50.0;2;10;
;;;;;;;;;;;
upgrading jdk;2;0;0;0;1;1;50.0;50.0;2;10;
;;;;;;;;;;;
how to open an ssl connection;6;3;0;0;1;2;16.67;33.33;3;5;
;;;;;;;;;;;
how to insert an element array in a given position;10;5;0;0;2;3;20.0;30.0;3;10;
;;;;;;;;;;;
How to print 'hello world'?;5;1;0;0;1;1;20.0;20.0;3;5;
;;;;;;;;;;;
HTML5 Canvas draw sizable grid;5;0;0;0;1;3;20.0;60.0;3;5;
;;;;;;;;;;;
How to run js in java;6;3;0;0;1;2;16.67;33.33;3;5;
;;;;;;;;;;;
How parse email;3;0;0;0;0;1;0.0;33.33;3;5;
;;;;;;;;;;;
how to display a calendar;5;2;0;0;1;1;20.0;20.0;3;5;
;;;;;;;;;;;
How to accept super type in generics;7;2;0;0;1;2;14.29;28.57;3;5;
;;;;;;;;;;;
How to turn array into string;6;2;0;0;1;2;16.67;33.33;3;5;
;;;;;;;;;;;
How would you call an api?;6;3;0;0;1;1;16.67;16.67;3;5;
;;;;;;;;;;;
how to implement a steiner tree?;6;2;0;0;1;2;16.67;33.33;3;5;
;;;;;;;;;;;
How to get the nth character from a string;9;4;0;0;1;2;11.11;22.22;3;5;
;;;;;;;;;;;
collectors tomap with null values;5;1;0;0;1;2;20.0;40.0;3;5;
;;;;;;;;;;;
get string data from url;5;2;0;0;1;3;20.0;60.0;3;5;
;;;;;;;;;;;
send http request asynchronously;4;0;0;0;1;2;25.0;50.0;3;5;
;;;;;;;;;;;
How to make one class inherit from more than one class?;11;6;0;0;2;1;18.18;9.09;3;5;
;;;;;;;;;;;
Create a list of hashes;5;1;0;0;1;2;20.0;40.0;3;10;
;;;;;;;;;;;
How to avoid integer division;5;1;0;0;1;2;20.0;40.0;3;5;
;;;;;;;;;;;
how to push to array;5;2;0;0;1;1;20.0;20.0;3;5;
;;;;;;;;;;;
How to add two numbers?;5;2;0;0;1;1;20.0;20.0;3;5;
;;;;;;;;;;;
how to sort an array;5;3;0;0;1;1;20.0;20.0;3;5;
;;;;;;;;;;;
how to avoid concurrent modification exception;6;2;0;0;1;2;16.67;33.33;3;5;
;;;;;;;;;;;
difference between string and stringbuilder;5;2;0;0;0;3;0.0;60.0;3;5;
;;;;;;;;;;;
How to join two URL?;5;2;0;0;1;1;20.0;20.0;3;5;
;;;;;;;;;;;
http request;2;0;0;0;0;1;0.0;50.0;3;5;
;;;;;;;;;;;
append;1;0;0;0;0;0;0.0;0.0;3;5;
;;;;;;;;;;;
map video onto sphere;4;1;0;0;0;3;0.0;75.0;3;5;
;;;;;;;;;;;
Remove a substring from a string;6;1;0;0;1;2;16.67;33.33;3;5;
;;;;;;;;;;;
concatenate two arrays;3;1;0;0;0;2;0.0;66.67;3;5;
;;;;;;;;;;;
edit a tree;3;0;0;0;1;1;33.33;33.33;3;5;
;;;;;;;;;;;
redirect stdin;2;0;0;0;1;1;50.0;50.0;3;5;
;;;;;;;;;;;
Get Size of an Array;5;2;0;0;1;2;20.0;40.0;3;5;
;;;;;;;;;;;
how to write an event store;6;3;0;0;1;2;16.67;33.33;3;5;
;;;;;;;;;;;
how can i give my program arguments;7;4;0;0;1;2;14.29;28.57;3;5;
;;;;;;;;;;;
how to clone an object;5;3;0;0;0;2;0.0;40.0;3;5;
;;;;;;;;;;;
how do i read a file line by line;9;4;0;0;2;2;22.22;22.22;3;5;
;;;;;;;;;;;
how do i generate a cryptographic checksum;7;2;0;0;2;1;28.57;14.29;3;5;
;;;;;;;;;;;
why is sorting slow!;4;2;0;0;2;0;50.0;0.0;3;5;
;;;;;;;;;;;
iterative traverse a tree;4;0;0;0;0;2;0.0;50.0;3;5;
;;;;;;;;;;;
upload file to amazon s3;5;1;0;0;1;3;20.0;60.0;3;5;
;;;;;;;;;;;
How to open a socket?;5;1;0;0;1;1;20.0;20.0;3;5;
;;;;;;;;;;;
string to int in typescript;5;2;0;0;1;2;20.0;40.0;3;5;
;;;;;;;;;;;
string to int;3;1;0;0;1;1;33.33;33.33;3;5;
;;;;;;;;;;;
spring boot default encoding;4;0;0;0;1;3;25.0;75.0;3;10;
;;;;;;;;;;;
Async function with await;4;1;0;0;1;2;25.0;50.0;3;5;
;;;;;;;;;;;
How to add spring security to spring boot;8;1;0;0;1;3;12.5;37.5;3;5;
;;;;;;;;;;;
spring boot transaction;3;0;0;0;0;3;0.0;100.0;3;5;
;;;;;;;;;;;
How to count words in a string;7;3;0;0;1;2;14.29;28.57;3;5;
;;;;;;;;;;;
how do i write a lambda expression;7;2;0;0;2;2;28.57;28.57;3;5;
;;;;;;;;;;;
Multithread deadlock;2;0;0;0;0;1;0.0;50.0;3;5;
;;;;;;;;;;;
Sort array of objects by key;6;2;0;0;0;4;0.0;66.67;3;5;
;;;;;;;;;;;
how to remove element from array;6;3;0;0;1;2;16.67;33.33;3;5;
;;;;;;;;;;;
How to create an array with no limits;8;4;0;0;1;2;12.5;25.0;3;5;
;;;;;;;;;;;
microservices;1;0;0;0;0;1;0.0;100.0;3;5;
;;;;;;;;;;;
Play music;2;0;0;0;1;1;50.0;50.0;3;5;
;;;;;;;;;;;
image div;2;0;0;0;0;2;0.0;100.0;3;5;
;;;;;;;;;;;
convert a date to a string;6;2;0;0;1;2;16.67;33.33;3;5;
;;;;;;;;;;;
manage duplicate photos;3;0;0;0;2;1;66.67;33.33;3;5;
;;;;;;;;;;;
BIGDECIMAL division;2;0;0;0;0;2;0.0;100.0;3;5;
;;;;;;;;;;;
Make a while loop;4;1;0;0;1;2;25.0;50.0;3;5;
;;;;;;;;;;;
how to create jenkins subversion web hook;7;2;0;0;1;4;14.29;57.14;3;10;
;;;;;;;;;;;
How to configure ejb timer service;6;1;0;0;1;3;16.67;50.0;3;5;
;;;;;;;;;;;
How to create an array in java;7;3;0;0;1;2;14.29;28.57;3;5;
;;;;;;;;;;;
intended espresso;2;0;0;0;0;1;0.0;50.0;3;5;
;;;;;;;;;;;
Call a method;3;0;0;0;1;1;33.33;33.33;3;10;
;;;;;;;;;;;
integrate graphql to project;4;1;0;0;1;2;25.0;50.0;3;10;
;;;;;;;;;;;
how to remove the second element of a list;9;5;0;0;1;2;11.11;22.22;3;5;
;;;;;;;;;;;
Rest api batch;3;0;0;0;1;2;33.33;66.67;3;10;
;;;;;;;;;;;
vertx;1;0;0;0;0;1;0.0;100.0;3;10;
;;;;;;;;;;;
custom http request method;4;0;0;0;0;4;0.0;100.0;3;5;
;;;;;;;;;;;
how to customize background color filling;6;2;0;0;2;2;33.33;33.33;3;10;
;;;;;;;;;;;
how to add context path in apache tomcat;8;3;0;0;1;3;12.5;37.5;3;10;
;;;;;;;;;;;
How to run scheduled jobs;5;2;0;0;1;1;20.0;20.0;3;10;
;;;;;;;;;;;
How to use jason;4;2;0;0;1;1;25.0;25.0;3;10;
;;;;;;;;;;;
android countdown timer;3;0;0;0;0;3;0.0;100.0;4;10;
;;;;;;;;;;;
How to add two lists;5;2;0;0;1;1;20.0;20.0;4;5;
;;;;;;;;;;;
;;;;;;;;;;;
;;;;;;;;;;;
get type information of generic;5;3;0;0;1;2;20.0;40.0;4;5;
;;;;;;;;;;;
convert dictionary to array;4;1;0;0;1;2;25.0;50.0;4;5;
;;;;;;;;;;;
How to remove element from an array;7;3;0;0;1;2;14.29;28.57;4;5;
;;;;;;;;;;;
How to convert a string to an int;8;2;0;0;1;2;12.5;25.0;4;5;
;;;;;;;;;;;
create a directory structure recursively;5;0;0;0;1;2;20.0;40.0;4;5;
;;;;;;;;;;;
connect to ssh;3;1;0;0;2;0;66.67;0.0;4;5;
;;;;;;;;;;;
Instant from timestamp;3;1;0;0;0;1;0.0;33.33;4;5;
;;;;;;;;;;;
Call a REST API;4;0;0;0;1;2;25.0;50.0;4;5;
;;;;;;;;;;;
How to calculate cumulative hash;5;1;0;0;1;1;20.0;20.0;4;5;
;;;;;;;;;;;
convert integer to string;4;1;0;0;1;2;25.0;50.0;4;5;
;;;;;;;;;;;
How to find the largest product of two numbers less than 1000 that is;14;8;0;0;2;2;14.29;14.29;4;5;
;;;;;;;;;;;
generate regex for indian phone number;6;1;0;0;1;3;16.67;50.0;4;5;
;;;;;;;;;;;
perform regex to extract date from string;7;3;0;0;1;4;14.29;57.14;4;10;
;;;;;;;;;;;
How to count multiple occurrences in string?;7;2;0;0;1;2;14.29;28.57;4;10;
;;;;;;;;;;;
How should I combine strings?;5;1;0;0;1;1;20.0;20.0;4;5;
;;;;;;;;;;;
spring data delete a single column;6;0;0;0;1;3;16.67;50.0;4;5;
;;;;;;;;;;;
convert numeric date to alphanumeric date;6;2;0;0;1;1;16.67;16.67;4;5;
;;;;;;;;;;;
Why is do I get zero when I should get a fraction?;12;6;0;0;3;1;25.0;8.33;4;5;
;;;;;;;;;;;
How to run concurrent jobs;5;2;0;0;1;1;20.0;20.0;4;5;
;;;;;;;;;;;
How to save data to a file;7;1;0;0;1;2;14.29;28.57;4;5;
;;;;;;;;;;;
how to filter elements of an array;7;4;0;0;0;3;0.0;42.86;4;5;
;;;;;;;;;;;
how to handle exception;4;2;0;0;1;1;25.0;25.0;4;5;
;;;;;;;;;;;
JavaFx progressbar;2;0;0;0;0;2;0.0;100.0;4;10;
;;;;;;;;;;;
how to add an element to a linked list;9;3;0;0;2;2;22.22;22.22;4;5;
;;;;;;;;;;;
How to output custom date string;6;2;0;0;0;4;0.0;66.67;4;5;
;;;;;;;;;;;
how to create main class;5;2;0;0;1;1;20.0;20.0;4;5;
;;;;;;;;;;;
How to remove an element from arraylist;7;3;0;0;1;2;14.29;28.57;4;5;
;;;;;;;;;;;
How to implement neural network;5;1;0;0;1;1;20.0;20.0;4;5;
;;;;;;;;;;;
How to make a class immutable?;6;2;0;0;1;1;16.67;16.67;4;5;
;;;;;;;;;;;
How do i create my own hashcode function?;8;3;0;0;2;2;25.0;25.0;4;5;
;;;;;;;;;;;
hashmap;1;0;0;0;0;1;0.0;100.0;4;1;
;;;;;;;;;;;
How to sort an array?;5;2;0;0;1;1;20.0;20.0;4;5;
;;;;;;;;;;;
how to add elements of a list;7;3;0;0;1;2;14.29;28.57;4;5;
;;;;;;;;;;;
Shuffle a list;3;0;0;0;1;1;33.33;33.33;4;5;
;;;;;;;;;;;
java spring multiple components use single kafka producer;8;1;0;0;1;4;12.5;50.0;4;5;
;;;;;;;;;;;
traipse a directory tree;4;0;1;0;1;2;25.0;50.0;4;5;
;;;;;;;;;;;
How do I press a button in Java Swing when I press enter?;13;3;0;0;3;3;23.08;23.08;4;5;
;;;;;;;;;;;
how to parse html in java ?;7;4;0;0;1;2;14.29;28.57;4;5;
;;;;;;;;;;;
how to create a geotiff;5;2;0;0;1;1;20.0;20.0;4;5;
;;;;;;;;;;;
what is an iterator;4;3;0;0;1;1;25.0;25.0;4;10;
;;;;;;;;;;;
how to remove duplicates;4;2;0;0;1;1;25.0;25.0;4;5;
;;;;;;;;;;;
add a config file to my program at launch;9;3;0;0;1;4;11.11;44.44;4;5;
;;;;;;;;;;;
connect to multiple monitors displays;5;1;0;0;1;2;20.0;40.0;4;5;
;;;;;;;;;;;
How to remove an element from an array?;8;3;0;0;1;2;12.5;25.0;4;5;
;;;;;;;;;;;
;;;;;;;;;;;
;;;;;;;;;;;
How to make ascii art;5;2;0;0;1;1;20.0;20.0;4;5;
;;;;;;;;;;;
how delete element from array;5;2;0;0;1;2;20.0;40.0;4;5;
;;;;;;;;;;;
how do I append another list to a existing one?;10;4;0;0;3;1;30.0;10.0;4;5;
;;;;;;;;;;;
How to implement a method?;5;1;0;0;1;1;20.0;20.0;4;10;
;;;;;;;;;;;
how increment a variable;4;1;0;0;0;2;0.0;50.0;4;5;
;;;;;;;;;;;
create a random number;4;0;0;0;1;1;25.0;25.0;4;5;
;;;;;;;;;;;
what means generic;3;2;0;0;0;1;0.0;33.33;4;5;
;;;;;;;;;;;
How to sort a list;5;1;0;0;1;1;20.0;20.0;4;5;
;;;;;;;;;;;
How to disable TLSv1.3;4;1;0;0;1;2;25.0;50.0;4;5;
;;;;;;;;;;;
how to parse an csv file;6;3;0;0;1;2;16.67;33.33;4;5;
;;;;;;;;;;;
how to formate date;4;3;0;0;1;1;25.0;25.0;4;5;
;;;;;;;;;;;
What is the syntax for a method reference;8;3;0;0;1;3;12.5;37.5;4;5;
;;;;;;;;;;;
copy arrray;2;0;0;0;0;2;0.0;100.0;4;5;
;;;;;;;;;;;
how to pass by reference;5;3;0;0;1;1;20.0;20.0;4;5;
;;;;;;;;;;;
Switch with strings;3;1;0;0;1;1;33.33;33.33;4;5;
;;;;;;;;;;;
How to stream objects to their ids;7;2;0;0;0;3;0.0;42.86;4;5;
;;;;;;;;;;;
Batch synchronize interface data;4;0;0;0;0;4;0.0;100.0;4;10;
;;;;;;;;;;;
loop over list;3;1;0;0;0;2;0.0;66.67;4;5;
;;;;;;;;;;;
columns with apache poi;4;1;0;0;0;2;0.0;50.0;4;5;
;;;;;;;;;;;
simple api;2;0;0;0;0;1;0.0;50.0;4;5;
;;;;;;;;;;;
How to write a hello world program;7;3;0;0;1;2;14.29;28.57;4;5;
;;;;;;;;;;;
how to download a csv file;6;2;0;0;1;2;16.67;33.33;4;5;
;;;;;;;;;;;
Iterate over an array;4;2;0;0;1;1;25.0;25.0;4;5;
;;;;;;;;;;;
collection java;2;0;0;0;0;2;0.0;100.0;4;5;
;;;;;;;;;;;
Sort intergers from highest to lowest;6;2;0;0;0;2;0.0;33.33;4;5;
;;;;;;;;;;;
create text file;3;0;0;0;1;2;33.33;66.67;4;5;
;;;;;;;;;;;
mqtt;1;0;0;0;0;1;0.0;100.0;4;5;
;;;;;;;;;;;
how to create a singleton;5;2;0;0;1;1;20.0;20.0;4;5;
;;;;;;;;;;;
How to copy a array;5;1;0;0;1;1;20.0;20.0;4;5;
;;;;;;;;;;;
AsynchronousByteChannel;1;0;0;0;0;1;0.0;100.0;4;5;
;;;;;;;;;;;
how convert integer to string;5;2;0;0;1;2;20.0;40.0;4;5;
;;;;;;;;;;;
create a dictionary;3;0;0;0;1;1;33.33;33.33;4;5;
;;;;;;;;;;;
How to list all jobs in quartz;7;3;0;0;1;2;14.29;28.57;4;5;
;;;;;;;;;;;
How to debug kerberos issues;5;1;0;0;1;2;20.0;40.0;4;5;
;;;;;;;;;;;
load external jar file with custom classes;7;1;0;0;0;5;0.0;71.43;4;5;
;;;;;;;;;;;
Write web services;3;0;0;0;1;2;33.33;66.67;4;5;
;;;;;;;;;;;
spring aop;2;0;0;0;0;1;0.0;50.0;4;5;
;;;;;;;;;;;
How to create a thread;5;1;0;0;1;1;20.0;20.0;4;5;
;;;;;;;;;;;
How to multithread a collection;5;1;0;0;1;1;20.0;20.0;4;5;
;;;;;;;;;;;
how to add an element to array;7;3;0;0;1;2;14.29;28.57;4;5;
;;;;;;;;;;;
thread in java;3;1;0;0;0;2;0.0;66.67;4;5;
;;;;;;;;;;;
how to create a SAM;5;2;0;0;1;1;20.0;20.0;4;5;
;;;;;;;;;;;
get last four character of string;6;4;0;0;1;2;16.67;33.33;4;5;
;;;;;;;;;;;
transferFrom java nio loop;4;0;0;0;0;4;0.0;100.0;4;5;
;;;;;;;;;;;
amex card rest api;4;0;0;0;0;3;0.0;75.0;4;10;
;;;;;;;;;;;
How to make a variable changed listener?;7;2;0;0;1;1;14.29;14.29;4;10;
;;;;;;;;;;;
How Can i protect my Post Route;7;1;0;0;1;2;14.29;28.57;4;10;
;;;;;;;;;;;
how to call a api from spring;7;3;0;0;1;2;14.29;28.57;4;10;
;;;;;;;;;;;
What is super keyword?;4;1;0;0;1;1;25.0;25.0;4;10;
;;;;;;;;;;;
use generics;2;1;0;0;0;2;0.0;100.0;4;10;
;;;;;;;;;;;
How to print colors;4;1;0;0;1;1;25.0;25.0;4;10;
;;;;;;;;;;;
How to access a private member;6;1;0;0;1;1;16.67;16.67;4;10;
;;;;;;;;;;;
get sum of array;4;2;0;0;1;2;25.0;50.0;4;10;
;;;;;;;;;;;
how to send data asynchronously;5;2;0;0;1;1;20.0;20.0;4;10;
;;;;;;;;;;;
create an events system;4;1;0;0;1;2;25.0;50.0;4;10;
;;;;;;;;;;;
How to sort list of strings by ascending order?;9;3;0;0;2;3;22.22;33.33;4;10;
;;;;;;;;;;;
datetime to uinix timestamp;4;1;1;0;1;2;25.0;50.0;4;10;
;;;;;;;;;;;
break a loope when conditions is finded;7;2;0;0;3;2;42.86;28.57;4;10;
;;;;;;;;;;;
create zip no compression STORED;5;1;0;0;2;2;40.0;40.0;4;10;
;;;;;;;;;;;
url to absolute path;4;1;0;0;0;2;0.0;50.0;4;10;
;;;;;;;;;;;
How to remove duplicates from array?;6;2;0;0;1;2;16.67;33.33;5;5;
;;;;;;;;;;;
Java load file from classpath;5;1;0;0;0;4;0.0;80.0;5;5;
;;;;;;;;;;;
can we add multiple base packages to spring component scanning;10;3;0;0;2;4;20.0;40.0;5;5;
;;;;;;;;;;;
how to reverse a list;5;2;0;0;1;1;20.0;20.0;5;5;
;;;;;;;;;;;
how to remove an element from array;7;4;0;0;1;2;14.29;28.57;5;1;
;;;;;;;;;;;
Move mouse;2;0;0;0;1;1;50.0;50.0;5;5;
;;;;;;;;;;;
How to add to the beginning of an array;9;5;0;0;1;2;11.11;22.22;5;5;
;;;;;;;;;;;
add to end of array;5;3;0;0;2;1;40.0;20.0;5;5;
;;;;;;;;;;;
Static meabing;2;0;1;0;1;0;50.0;0.0;5;10;
;;;;;;;;;;;
How to remove an element from an Array?;8;3;0;0;1;2;12.5;25.0;5;5;
;;;;;;;;;;;
sort ip addresses;3;0;0;0;0;3;0.0;100.0;5;5;
;;;;;;;;;;;
How to iterate over elements in an ArrayList?;8;4;0;0;1;2;12.5;25.0;5;5;
;;;;;;;;;;;
How to escape characters in json;6;2;0;0;1;2;16.67;33.33;5;5;
;;;;;;;;;;;
How to get all the keys in a dictionary?;9;6;0;0;1;2;11.11;22.22;5;5;
;;;;;;;;;;;
how to convert a Integer stream to int array;9;2;0;0;2;3;22.22;33.33;5;5;
;;;;;;;;;;;
remove element from array;4;1;0;0;1;2;25.0;50.0;5;1;
;;;;;;;;;;;
instantiate through reflection;3;1;0;0;1;1;33.33;33.33;5;5;
;;;;;;;;;;;
how to get context in a static method on android;10;5;0;0;1;3;10.0;30.0;5;5;
;;;;;;;;;;;
How to remove an element from an array;8;3;0;0;1;2;12.5;25.0;5;10;
;;;;;;;;;;;
How to flatten an array;5;2;0;0;1;1;20.0;20.0;5;5;
;;;;;;;;;;;
websocket;1;0;0;0;0;1;0.0;100.0;5;5;
;;;;;;;;;;;
How to build rest service in java;7;2;0;0;1;3;14.29;42.86;5;5;
;;;;;;;;;;;
Count all characters in the text and return top 5 characters;11;4;1;0;1;3;9.09;27.27;5;5;
;;;;;;;;;;;
How to remove an element from array;7;3;0;0;1;2;14.29;28.57;5;5;
;;;;;;;;;;;
protect xxe;2;0;0;0;1;1;50.0;50.0;5;5;
;;;;;;;;;;;
How to declare a recursive tree data structure;8;1;0;0;1;3;12.5;37.5;5;5;
;;;;;;;;;;;
White HTTP post request;4;0;0;0;0;4;0.0;100.0;5;5;
;;;;;;;;;;;
Convert string to a number;5;1;0;0;1;2;20.0;40.0;5;5;
;;;;;;;;;;;
how to sort characters in a string;7;3;0;0;1;2;14.29;28.57;5;5;
;;;;;;;;;;;
string concatenation;2;0;0;0;0;2;0.0;100.0;5;5;
;;;;;;;;;;;
turn char array into string;5;1;0;0;1;3;20.0;60.0;5;5;
;;;;;;;;;;;
How would you read a file?;6;2;0;0;1;1;16.67;16.67;5;5;
;;;;;;;;;;;
how to make the computer call the police on me;10;6;0;0;2;2;20.0;20.0;5;5;
;;;;;;;;;;;
how to get the length of a string;8;5;0;0;1;2;12.5;25.0;5;5;
;;;;;;;;;;;
inputstream to string;3;1;0;0;0;2;0.0;66.67;5;5;
;;;;;;;;;;;
how to sort array;4;2;0;0;1;1;25.0;25.0;5;5;
;;;;;;;;;;;
convert string to integer;4;1;0;0;1;2;25.0;50.0;5;5;
;;;;;;;;;;;
regex to remove numbers;4;1;0;0;1;2;25.0;50.0;5;5;
;;;;;;;;;;;
How to add an element to an array;8;2;0;0;1;2;12.5;25.0;5;5;
;;;;;;;;;;;
how to perform base64 encoding;5;2;0;0;1;2;20.0;40.0;5;5;
;;;;;;;;;;;
How to read from a serial port;7;2;0;0;1;1;14.29;14.29;5;5;
;;;;;;;;;;;
How to return the contents of a file as a string;11;4;1;0;1;3;9.09;27.27;5;5;
;;;;;;;;;;;
create a list;3;0;0;0;1;1;33.33;33.33;5;5;
;;;;;;;;;;;
what is the difference between inheritance and extension;8;5;0;0;1;3;12.5;37.5;5;5;
;;;;;;;;;;;
How to add two numbers;5;2;0;0;1;1;20.0;20.0;5;5;
;;;;;;;;;;;
how to print to screen;5;2;0;0;1;1;20.0;20.0;5;5;
;;;;;;;;;;;
remove newlines;2;0;0;0;1;1;50.0;50.0;5;5;
;;;;;;;;;;;
hashtable and hashmap difference;4;1;0;0;0;2;0.0;50.0;5;5;
;;;;;;;;;;;
Get parent class name;4;1;0;0;1;3;25.0;75.0;5;5;
;;;;;;;;;;;
convert from arraylist to array;5;2;0;0;1;2;20.0;40.0;5;5;
;;;;;;;;;;;
how to add an element to a stream;8;3;0;0;1;2;12.5;25.0;5;5;
;;;;;;;;;;;
How to copy the InputStream;5;2;0;0;1;1;20.0;20.0;5;5;
;;;;;;;;;;;
How to split a string into an array;8;3;0;0;1;2;12.5;25.0;5;5;
;;;;;;;;;;;
sort a list;3;0;0;0;0;2;0.0;66.67;5;5;
;;;;;;;;;;;
how to remove an array element;6;3;0;0;1;2;16.67;33.33;5;10;
;;;;;;;;;;;
switch case fall through;4;1;0;0;0;3;0.0;75.0;5;5;
;;;;;;;;;;;
convert text to base64;4;1;0;0;1;2;25.0;50.0;5;5;
;;;;;;;;;;;
How to increase the size of an array;8;4;0;0;1;2;12.5;25.0;5;5;
;;;;;;;;;;;
How to copy a list;5;1;0;0;1;1;20.0;20.0;5;5;
;;;;;;;;;;;
how to 'kill' a process ---;6;2;0;0;1;1;16.67;16.67;5;5;
;;;;;;;;;;;
How to delete files recursivelly;5;1;0;0;1;1;20.0;20.0;5;5;
;;;;;;;;;;;
;;;;;;;;;;;
;;;;;;;;;;;
How to reverse a string;5;1;0;0;1;1;20.0;20.0;5;5;
;;;;;;;;;;;
find the matching lines from two different arrays;8;4;0;0;1;3;12.5;37.5;5;10;
;;;;;;;;;;;
print on new line;4;3;0;0;0;2;0.0;50.0;5;5;
;;;;;;;;;;;
how to read an array from properties file in spring mvc;11;5;0;0;1;5;9.09;45.45;5;5;
;;;;;;;;;;;
how to execute rxjava delay on current thread;8;3;0;0;1;3;12.5;37.5;5;5;
;;;;;;;;;;;
get date from string;4;3;0;0;1;2;25.0;50.0;5;5;
;;;;;;;;;;;
How do I enable SSL?;5;1;0;0;2;1;40.0;20.0;5;5;
;;;;;;;;;;;
how to learn the language;5;3;0;0;1;1;20.0;20.0;5;5;
;;;;;;;;;;;
How to convert array to list;6;1;0;0;1;2;16.67;33.33;5;5;
;;;;;;;;;;;
how to avoid a deadlock;5;2;0;0;1;1;20.0;20.0;5;5;
;;;;;;;;;;;
Read resources in Maven projects;5;1;0;0;1;3;20.0;60.0;5;5;
;;;;;;;;;;;
operator overloading;2;0;0;0;0;2;0.0;100.0;5;5;
;;;;;;;;;;;
How to command line output from a java program;9;3;0;0;1;4;11.11;44.44;5;5;
;;;;;;;;;;;
convert number to string;4;1;0;0;1;2;25.0;50.0;5;5;
;;;;;;;;;;;
How to turn string into JSON;6;2;0;0;1;2;16.67;33.33;5;5;
;;;;;;;;;;;
how to remove characters from a string;7;3;0;0;1;2;14.29;28.57;5;5;
;;;;;;;;;;;
How to count from 1 to 10;7;2;0;0;1;0;14.29;0.0;5;5;
;;;;;;;;;;;
How to watch file?;4;1;0;0;1;1;25.0;25.0;5;5;
;;;;;;;;;;;
reverse an element in array;5;2;0;0;1;2;20.0;40.0;5;5;
;;;;;;;;;;;
how to insert into an array;6;4;0;0;1;1;16.67;16.67;5;5;
;;;;;;;;;;;
How to reverse sort list of names;7;2;0;0;1;3;14.29;42.86;5;5;
;;;;;;;;;;;
How do I reverse a string;6;1;0;0;2;1;33.33;16.67;5;5;
;;;;;;;;;;;
How to find a pattern in all files in a folder;11;3;0;0;1;3;9.09;27.27;5;5;
;;;;;;;;;;;
fiz buzz;2;0;0;0;0;2;0.0;100.0;5;5;
;;;;;;;;;;;
String to InputStream;3;1;0;0;0;2;0.0;66.67;5;5;
;;;;;;;;;;;
get current date;3;2;0;0;1;1;33.33;33.33;5;5;
;;;;;;;;;;;
reverse a linked list?;4;0;0;0;2;1;50.0;25.0;5;5;
;;;;;;;;;;;
How to convert string of int to int;8;2;0;0;2;2;25.0;25.0;5;5;
;;;;;;;;;;;
How to insert item at a specific index in a list;11;4;0;0;1;3;9.09;27.27;5;5;
;;;;;;;;;;;
How to catch errors in java;6;2;0;0;1;2;16.67;33.33;5;5;
;;;;;;;;;;;
how to provide a comparator to a stream sorted() method;10;2;0;0;2;3;20.0;30.0;5;5;
;;;;;;;;;;;
java choose between two numbers randomly;6;2;0;0;1;2;16.67;33.33;5;5;
;;;;;;;;;;;
singleton without static;3;1;0;0;0;1;0.0;33.33;5;5;
;;;;;;;;;;;
write EOF character in file;5;1;0;0;1;3;20.0;60.0;5;5;
;;;;;;;;;;;
how do I connect text field with button in javaFx;10;4;0;0;2;4;20.0;40.0;5;5;
;;;;;;;;;;;
how to delete a file;5;2;0;0;1;1;20.0;20.0;5;5;
;;;;;;;;;;;
OutOfMemory;1;0;0;0;0;1;0.0;100.0;5;5;
;;;;;;;;;;;
android view;2;0;0;0;0;2;0.0;100.0;5;5;
;;;;;;;;;;;
how to remove element from list;6;3;0;0;1;2;16.67;33.33;5;5;
;;;;;;;;;;;
how to extend array;4;2;0;0;1;1;25.0;25.0;5;5;
;;;;;;;;;;;
Use default values in function parameters.;6;1;0;0;0;5;0.0;83.33;5;5;
;;;;;;;;;;;
increment race condition;3;0;0;0;0;3;0.0;100.0;5;5;
;;;;;;;;;;;
yeet;1;0;1;0;0;1;0.0;100.0;5;5;
;;;;;;;;;;;
How do I automate mouse clicks?;6;1;0;0;2;2;33.33;33.33;5;5;
;;;;;;;;;;;
how to display a shapefile;5;2;0;0;1;1;20.0;20.0;5;5;
;;;;;;;;;;;
calculate a 1km buffer around a line;7;2;0;0;1;3;14.29;42.86;5;5;
;;;;;;;;;;;
remove from a linked list;5;1;0;0;2;1;40.0;20.0;5;5;
;;;;;;;;;;;
final keyword;2;0;0;0;0;1;0.0;50.0;5;5;
;;;;;;;;;;;
reverse array;2;0;0;0;0;1;0.0;50.0;5;5;
;;;;;;;;;;;
how can i open the contents of a zip file;10;4;0;0;1;3;10.0;30.0;5;5;
;;;;;;;;;;;
How to create an array;5;2;0;0;1;1;20.0;20.0;5;5;
;;;;;;;;;;;
how to deserialize json string to object;7;2;0;0;2;2;28.57;28.57;5;5;
;;;;;;;;;;;
How to convert array to string;6;1;0;0;1;2;16.67;33.33;5;5;
;;;;;;;;;;;
create temporary file;3;0;0;0;1;1;33.33;33.33;5;5;
;;;;;;;;;;;
how to convert int to string;6;2;0;0;1;2;16.67;33.33;5;5;
;;;;;;;;;;;
monitor the program's own cpu usage programmatically;7;2;0;0;1;3;14.29;42.86;5;5;
;;;;;;;;;;;
how to make linked list;5;3;0;0;2;1;40.0;20.0;5;5;
;;;;;;;;;;;
how to create a service to watch for dirfectory changes;10;4;1;0;2;2;20.0;20.0;5;5;
;;;;;;;;;;;
how to emboss text in jpg;6;3;0;0;1;2;16.67;33.33;5;5;
;;;;;;;;;;;
how to implement a factory?;5;2;0;0;1;1;20.0;20.0;5;5;
;;;;;;;;;;;
Cxf how to sign a soap request;7;2;0;0;1;3;14.29;42.86;5;5;
;;;;;;;;;;;
pandas sort array;3;0;0;0;1;2;33.33;66.67;5;5;
;;;;;;;;;;;
How do I pass an arbitrary object to an explicit intention on Android;13;4;0;0;2;3;15.38;23.08;5;5;
;;;;;;;;;;;
How to get website?;4;2;0;0;1;1;25.0;25.0;5;5;
;;;;;;;;;;;
how to sort a file;5;2;0;0;1;1;20.0;20.0;5;5;
;;;;;;;;;;;
how to search an arraylist;5;3;0;0;1;1;20.0;20.0;5;5;
;;;;;;;;;;;
regex how to search for telephone number;7;3;0;0;1;3;14.29;42.86;5;5;
;;;;;;;;;;;
java;1;0;0;0;0;1;0.0;100.0;5;5;
;;;;;;;;;;;
Sort an array;3;1;0;0;1;1;33.33;33.33;5;5;
;;;;;;;;;;;
Writing a text file;4;0;0;0;1;2;25.0;50.0;5;5;
;;;;;;;;;;;
Delete last character from string;5;2;0;0;1;2;20.0;40.0;5;5;
;;;;;;;;;;;
parse html with regex;4;1;0;0;1;2;25.0;50.0;5;5;
;;;;;;;;;;;
How to remove element from an array?;7;3;0;0;1;2;14.29;28.57;5;5;
;;;;;;;;;;;
How to sort a list?;5;1;0;0;1;1;20.0;20.0;5;5;
;;;;;;;;;;;
javax json jsonarray add json object;6;0;0;0;1;4;16.67;66.67;5;5;
;;;;;;;;;;;
How to read an entire file into a string;9;3;0;0;1;2;11.11;22.22;5;5;
;;;;;;;;;;;
Add SSL to Java RMI;5;1;0;0;1;3;20.0;60.0;5;5;
;;;;;;;;;;;
how to sort a list;5;2;0;0;1;1;20.0;20.0;5;5;
;;;;;;;;;;;
How to send a GET request;6;1;0;0;2;1;33.33;16.67;5;10;
;;;;;;;;;;;
how do iterate and filter to a stream;8;4;0;0;2;2;25.0;25.0;5;5;
;;;;;;;;;;;
How rename files in a folder;6;1;0;0;1;2;16.67;33.33;5;5;
;;;;;;;;;;;
How to download a file on selenium;7;2;0;0;1;2;14.29;28.57;5;5;
;;;;;;;;;;;
How to create an thread?;5;2;0;0;1;1;20.0;20.0;5;5;
;;;;;;;;;;;
Map Array to DB;4;1;0;0;0;3;0.0;75.0;5;5;
;;;;;;;;;;;
How to create a list?;5;1;0;0;1;1;20.0;20.0;5;5;
;;;;;;;;;;;
how to iterate over an array;6;4;0;0;1;1;16.67;16.67;5;5;
;;;;;;;;;;;
How to define a interface;5;1;0;0;1;1;20.0;20.0;5;5;
;;;;;;;;;;;
find the shortest path between two points;7;3;0;0;1;2;14.29;28.57;5;5;
;;;;;;;;;;;
gradient descent;2;0;0;0;0;2;0.0;100.0;5;5;
;;;;;;;;;;;
How to substract String;4;1;0;0;1;1;25.0;25.0;5;5;
;;;;;;;;;;;
how to write an own iterator;6;4;0;0;1;1;16.67;16.67;5;5;
;;;;;;;;;;;
How do i encrypt something AES;6;2;0;0;1;2;16.67;33.33;5;5;
;;;;;;;;;;;
convert json to csv;4;1;0;0;1;2;25.0;50.0;5;5;
;;;;;;;;;;;
sort an array;3;1;0;0;0;1;0.0;33.33;5;5;
;;;;;;;;;;;
convert string to int;4;1;0;0;2;1;50.0;25.0;5;5;
;;;;;;;;;;;
How do I create a state machine?;7;2;0;0;2;2;28.57;28.57;5;5;
;;;;;;;;;;;
convert string to number;4;1;0;0;1;2;25.0;50.0;5;5;
;;;;;;;;;;;
how to select a node in xml in java;9;3;0;0;1;3;11.11;33.33;5;5;
;;;;;;;;;;;
how to define a list?;5;2;0;0;1;1;20.0;20.0;5;5;
;;;;;;;;;;;
What is the best way to round a float?;9;6;0;0;2;2;22.22;22.22;5;5;
;;;;;;;;;;;
how do I dimension a multidimensional array;7;2;0;0;1;2;14.29;28.57;5;5;
;;;;;;;;;;;
towers of hanoi;3;1;0;0;0;2;0.0;66.67;5;5;
;;;;;;;;;;;
Loop;1;0;0;0;0;1;0.0;100.0;5;5;
;;;;;;;;;;;
encrypt password;2;0;0;0;1;1;50.0;50.0;5;5;
;;;;;;;;;;;
Changing button text;3;0;0;0;1;2;33.33;66.67;5;5;
;;;;;;;;;;;
Changing color of textarea;4;1;0;0;1;2;25.0;50.0;5;5;
;;;;;;;;;;;
How to print a string;5;1;0;0;1;1;20.0;20.0;5;5;
;;;;;;;;;;;
set vs list;3;1;0;0;1;1;33.33;33.33;5;5;
;;;;;;;;;;;
How to use lambda;4;2;0;0;1;1;25.0;25.0;5;5;
;;;;;;;;;;;
Hexadecimal to rgb code;4;1;0;0;1;2;25.0;50.0;5;5;
;;;;;;;;;;;
String to integer;3;1;0;0;0;2;0.0;66.67;5;5;
;;;;;;;;;;;
Task;1;0;0;0;0;1;0.0;100.0;5;5;
;;;;;;;;;;;
How to concatenate strings?;4;1;0;0;1;1;25.0;25.0;5;5;
;;;;;;;;;;;
read file and write file;5;1;0;0;2;1;40.0;20.0;5;5;
;;;;;;;;;;;
split;1;0;0;0;0;1;0.0;100.0;5;5;
;;;;;;;;;;;
how to run a loop;5;3;0;0;1;1;20.0;20.0;5;5;
;;;;;;;;;;;
how to use webview;4;3;0;0;1;1;25.0;25.0;5;5;
;;;;;;;;;;;
how to remove duplicate from an sorted array;8;4;0;0;3;1;37.5;12.5;5;5;
;;;;;;;;;;;
how to get title of element?;6;4;0;0;1;2;16.67;33.33;5;5;
;;;;;;;;;;;
How to convert String array to string;7;1;0;0;1;3;14.29;42.86;5;5;
;;;;;;;;;;;
nio netty;2;0;0;0;0;2;0.0;100.0;5;5;
;;;;;;;;;;;
Ajax example;2;1;0;0;0;2;0.0;100.0;5;5;
;;;;;;;;;;;
Sort Set alphabetically;3;0;0;0;1;1;33.33;33.33;5;5;
;;;;;;;;;;;
how to learn java;4;2;0;0;1;1;25.0;25.0;5;5;
;;;;;;;;;;;
How to declare global variables;5;1;0;0;1;1;20.0;20.0;5;5;
;;;;;;;;;;;
How to create an integer;5;2;0;0;1;1;20.0;20.0;5;5;
;;;;;;;;;;;
How to get initialize a boolean array;7;2;0;0;2;1;28.57;14.29;5;5;
;;;;;;;;;;;
How to split string;4;1;0;0;1;1;25.0;25.0;5;5;
;;;;;;;;;;;
Define array;2;0;0;0;1;1;50.0;50.0;5;5;
;;;;;;;;;;;
Get time since epoch;4;1;0;0;1;2;25.0;50.0;5;5;
;;;;;;;;;;;
lambda list add;3;0;0;0;1;2;33.33;66.67;5;5;
;;;;;;;;;;;
how to concatenate strings;4;2;0;0;1;1;25.0;25.0;5;5;
;;;;;;;;;;;
What is void;3;1;0;0;1;1;33.33;33.33;5;5;
;;;;;;;;;;;
how to decline a new BigDecimal in Java;8;4;0;0;1;2;12.5;25.0;5;5;
;;;;;;;;;;;
how to remove a element from array;7;3;0;0;1;2;14.29;28.57;5;10;
;;;;;;;;;;;
Linux shell (command);3;0;0;0;0;3;0.0;100.0;5;5;
;;;;;;;;;;;
oom;1;0;0;0;0;1;0.0;100.0;5;5;
;;;;;;;;;;;
how to read a file;5;2;0;0;1;1;20.0;20.0;5;10;
;;;;;;;;;;;
Convert between a file path and url;7;2;0;0;1;3;14.29;42.86;5;5;
;;;;;;;;;;;
convert from milliseconds to date;5;3;0;0;1;2;20.0;40.0;5;5;
;;;;;;;;;;;
How do you create a two dimensional array?;8;3;0;0;2;1;25.0;12.5;5;5;
;;;;;;;;;;;
Recursion sort;2;0;0;0;0;2;0.0;100.0;5;5;
;;;;;;;;;;;
how to sort an array of integers;7;4;0;0;1;2;14.29;28.57;5;5;
;;;;;;;;;;;
Create arraylist;2;0;0;0;1;1;50.0;50.0;5;5;
;;;;;;;;;;;
set header http request;4;0;0;0;1;3;25.0;75.0;5;5;
;;;;;;;;;;;
add to queue;3;1;0;0;2;0;66.67;0.0;5;5;
;;;;;;;;;;;
how do I create a hash;6;2;0;0;2;1;33.33;16.67;5;5;
;;;;;;;;;;;
How to check session;4;1;0;0;1;1;25.0;25.0;5;5;
;;;;;;;;;;;
Authentication in spring;3;1;0;0;0;2;0.0;66.67;5;5;
;;;;;;;;;;;
Implement oauth2;2;0;0;0;1;1;50.0;50.0;5;5;
;;;;;;;;;;;
How to convert a integer into a string;8;2;0;0;1;2;12.5;25.0;5;5;
;;;;;;;;;;;
add elements to an array;5;2;0;0;1;2;20.0;40.0;5;5;
;;;;;;;;;;;
Spring login page with database;5;2;0;0;0;4;0.0;80.0;5;5;
;;;;;;;;;;;
Get length of array;4;1;0;0;1;2;25.0;50.0;5;5;
;;;;;;;;;;;
Pop elements from an array ?;6;3;0;0;0;3;0.0;50.0;5;5;
;;;;;;;;;;;
Get process id;3;1;0;0;1;2;33.33;66.67;5;5;
;;;;;;;;;;;
how to override a method;5;2;0;0;1;1;20.0;20.0;5;5;
;;;;;;;;;;;
polymorphism;1;0;0;0;0;1;0.0;100.0;5;5;
;;;;;;;;;;;
How to do error handling;5;2;0;0;1;2;20.0;40.0;5;5;
;;;;;;;;;;;
how to use linked list?;5;3;0;0;2;1;40.0;20.0;5;5;
;;;;;;;;;;;
what is polymorphism?;3;2;0;0;1;1;33.33;33.33;5;1;
;;;;;;;;;;;
get file from url and put in zip;8;5;0;0;3;2;37.5;25.0;5;5;
;;;;;;;;;;;
Calculate FFT;2;0;0;0;1;1;50.0;50.0;5;5;
;;;;;;;;;;;
How to pass parameters to a dialog that is opened with window.open jsf;13;4;0;0;3;4;23.08;30.77;5;10;
;;;;;;;;;;;
How to sort an arrau;5;2;0;0;1;1;20.0;20.0;5;5;
;;;;;;;;;;;
Scanner Input;2;0;0;0;0;2;0.0;100.0;5;5;
;;;;;;;;;;;
How to create new instance of generic parameter;8;3;0;0;1;2;12.5;25.0;5;5;
;;;;;;;;;;;
Integer to Double;3;1;0;0;0;1;0.0;33.33;5;5;
;;;;;;;;;;;
Android gps distance;3;0;0;0;0;2;0.0;66.67;5;5;
;;;;;;;;;;;
How to loop through a list;6;2;0;0;0;2;0.0;33.33;5;5;
;;;;;;;;;;;
unsafe cas;2;0;0;0;0;1;0.0;50.0;5;5;
;;;;;;;;;;;
Sorting;1;0;0;0;1;0;100.0;0.0;5;5;
;;;;;;;;;;;
Pass reference to a method;5;1;0;0;1;2;20.0;40.0;5;5;
;;;;;;;;;;;
Final;1;0;0;0;0;0;0.0;0.0;5;5;
;;;;;;;;;;;
Constant;1;0;0;0;0;0;0.0;0.0;5;5;
;;;;;;;;;;;
substract days to a date;5;2;0;0;0;2;0.0;40.0;5;5;
;;;;;;;;;;;
Reverse a list;3;0;0;0;1;1;33.33;33.33;5;5;
;;;;;;;;;;;
convert datetime to date;4;2;0;0;1;2;25.0;50.0;5;5;
;;;;;;;;;;;
How to reverse an array;5;2;0;0;1;1;20.0;20.0;5;5;
;;;;;;;;;;;
evening part time;3;1;0;0;0;3;0.0;100.0;5;5;
;;;;;;;;;;;
Cast an int;3;1;0;0;1;1;33.33;33.33;5;5;
;;;;;;;;;;;
how to create a custom exception;6;2;0;0;1;2;16.67;33.33;5;5;
;;;;;;;;;;;
how to convert timezone;4;2;0;0;1;1;25.0;25.0;5;10;
;;;;;;;;;;;
How to apply polymorphism;4;1;0;0;1;1;25.0;25.0;5;5;
;;;;;;;;;;;
Create a class;3;0;0;0;1;1;33.33;33.33;5;5;
;;;;;;;;;;;
ordered set;2;0;0;0;1;1;50.0;50.0;5;5;
;;;;;;;;;;;
Write simple calculator;3;0;0;0;1;1;33.33;33.33;5;5;
;;;;;;;;;;;
Threads;1;0;0;0;0;1;0.0;100.0;5;10;
;;;;;;;;;;;
Print to console;3;1;0;0;2;0;66.67;0.0;5;5;
;;;;;;;;;;;
Read from text file;4;1;0;0;1;2;25.0;50.0;5;5;
;;;;;;;;;;;
Get first element of array;5;2;0;0;1;2;20.0;40.0;5;5;
;;;;;;;;;;;
how do I create a function;6;2;0;0;2;1;33.33;16.67;5;1;
;;;;;;;;;;;
akka cluster;2;0;0;0;0;1;0.0;50.0;5;5;
;;;;;;;;;;;
printstream;1;0;0;0;0;1;0.0;100.0;5;5;
;;;;;;;;;;;
How to split array;4;1;0;0;1;1;25.0;25.0;5;5;
;;;;;;;;;;;
How to create a function;5;1;0;0;1;1;20.0;20.0;5;1;
;;;;;;;;;;;
injest html text;3;0;0;0;0;3;0.0;100.0;5;5;
;;;;;;;;;;;
assign variable;2;0;0;0;1;1;50.0;50.0;5;5;
;;;;;;;;;;;
swap2number without using third variable;5;3;1;0;1;2;20.0;40.0;5;5;
;;;;;;;;;;;
how to swap number without using temporary space;8;4;0;0;2;2;25.0;25.0;5;5;
;;;;;;;;;;;
How to print each character in a string;8;3;0;0;1;2;12.5;25.0;5;5;
;;;;;;;;;;;
has been blocked by CORS policy: Response to preflight request AJAX;11;4;0;0;3;5;27.27;45.45;5;10;
;;;;;;;;;;;
Find the second largest number;5;2;0;0;1;1;20.0;20.0;5;5;
;;;;;;;;;;;
Tic tac toe;3;0;0;0;0;2;0.0;66.67;5;5;
;;;;;;;;;;;
how to turn map keys to list;7;3;0;0;1;3;14.29;42.86;5;5;
;;;;;;;;;;;
how to use PEM encoded certificate;6;3;0;0;2;2;33.33;33.33;5;10;
;;;;;;;;;;;
how to override abstract method;5;2;0;0;1;1;20.0;20.0;5;5;
;;;;;;;;;;;
foreach;1;0;0;0;0;1;0.0;100.0;5;5;
;;;;;;;;;;;
get ip from rest call;5;2;0;0;1;2;20.0;40.0;5;10;
;;;;;;;;;;;
How to start Tomcat;4;1;0;0;1;1;25.0;25.0;5;5;
;;;;;;;;;;;
Replace letters in string;4;1;0;0;1;2;25.0;50.0;5;10;
;;;;;;;;;;;
nullPointException;1;0;0;0;0;1;0.0;100.0;5;10;
;;;;;;;;;;;
invoke;1;0;0;0;1;0;100.0;0.0;5;10;
;;;;;;;;;;;
java excel;2;0;0;0;1;1;50.0;50.0;5;10;
;;;;;;;;;;;
how remove object from array;5;2;0;0;1;2;20.0;40.0;5;10;
;;;;;;;;;;;
Check string input is an int;6;2;0;0;2;3;33.33;50.0;5;10;
;;;;;;;;;;;
How to join two lists;5;2;0;0;1;1;20.0;20.0;5;10;
;;;;;;;;;;;
how to convert dom to string;6;2;0;0;1;2;16.67;33.33;5;10;
;;;;;;;;;;;
use of bag in eclipse collection;6;3;0;0;0;4;0.0;66.67;5;10;
;;;;;;;;;;;
how to create a checkbox;5;2;0;0;1;1;20.0;20.0;5;10;
;;;;;;;;;;;
HttpSecurity.authorizeRequests().anyRequest().authenticated();1;0;0;3;1;2;100.0;200.0;5;10;
;;;;;;;;;;;
underline textview;2;0;0;0;1;1;50.0;50.0;5;10;
;;;;;;;;;;;
anonymous class;2;0;0;0;0;1;0.0;50.0;5;5;
;;;;;;;;;;;
read from stdin;3;1;0;0;1;1;33.33;33.33;5;10;
;;;;;;;;;;;
is it safe to store an unencrypted password in sharedpreferences;10;5;0;0;2;2;20.0;20.0;5;10;
;;;;;;;;;;;
Create immutable set;3;0;0;0;1;1;33.33;33.33;5;10;
;;;;;;;;;;;
How to escape double quotes;5;1;0;0;1;1;20.0;20.0;5;10;
;;;;;;;;;;;
recursively list all files in a folder;7;2;0;0;0;3;0.0;42.86;5;10;
;;;;;;;;;;;
sort list of objects by key;6;2;0;0;0;4;0.0;66.67;5;10;
;;;;;;;;;;;
how to printf in java;5;3;0;0;1;1;20.0;20.0;5;10;
;;;;;;;;;;;
how to override;3;2;0;0;1;0;33.33;0.0;5;10;
;;;;;;;;;;;
how to specify a certificate to use in an HTTPS request?;11;6;0;0;2;3;18.18;27.27;5;10;
;;;;;;;;;;;
remove duplicate elements from array;5;1;0;0;2;2;40.0;40.0;5;5;
;;;;;;;;;;;
jdbctemplate query null;3;0;0;0;0;3;0.0;100.0;5;10;
;;;;;;;;;;;
How to slice an array;5;2;0;0;1;1;20.0;20.0;5;10;
;;;;;;;;;;;
How to create object in java;6;2;0;0;1;2;16.67;33.33;5;10;
;;;;;;;;;;;
how to remove element from end of array;8;5;0;0;1;3;12.5;37.5;5;10;
;;;;;;;;;;;
How to append to an ArrayList;6;2;0;0;1;1;16.67;16.67;5;10;
;;;;;;;;;;;
unity touchButton;2;0;0;0;0;2;0.0;100.0;5;10;
;;;;;;;;;;;
add element to array;4;1;0;0;1;2;25.0;50.0;5;10;
;;;;;;;;;;;
class override exception handler;4;0;0;0;0;4;0.0;100.0;5;10;
;;;;;;;;;;;
concatenate;1;0;0;0;0;1;0.0;100.0;5;10;
;;;;;;;;;;;
create a stream from an array;6;2;0;0;1;2;16.67;33.33;5;10;
;;;;;;;;;;;
convert string to datetime;4;1;0;0;2;1;50.0;25.0;5;10;
;;;;;;;;;;;
Script;1;0;0;0;0;1;0.0;100.0;5;10;
;;;;;;;;;;;
check prime number;3;0;0;0;0;2;0.0;66.67;5;10;
;;;;;;;;;;;
sorting array;2;0;0;0;1;1;50.0;50.0;5;10;
;;;;;;;;;;;
Make http call;3;0;0;0;1;1;33.33;33.33;5;10;
;;;;;;;;;;;
How to reverse an array in java;7;3;0;0;1;2;14.29;28.57;5;10;
;;;;;;;;;;;
mvc website;2;0;0;0;0;2;0.0;100.0;5;10;
;;;;;;;;;;;
count the occurrences of a string;6;2;0;0;0;3;0.0;50.0;5;5;
;;;;;;;;;;;
How to acces private field of different class;8;3;0;0;0;3;0.0;37.5;5;10;
;;;;;;;;;;;
How to extract an email address from a string;9;3;0;0;1;3;11.11;33.33;5;10;
;;;;;;;;;;;
How to search a list;5;1;0;0;1;1;20.0;20.0;5;10;
;;;;;;;;;;;
localdatetime to long;3;1;0;0;0;1;0.0;33.33;5;10;
;;;;;;;;;;;
how do you display an image;6;4;0;0;2;1;33.33;16.67;5;10;
;;;;;;;;;;;
android view contact by lookup-column;5;1;0;0;0;4;0.0;80.0;5;10;
;;;;;;;;;;;
How to delete duplicates;4;1;0;0;1;1;25.0;25.0;5;10;
;;;;;;;;;;;
how to create a custom annotation in java;8;3;0;0;1;3;12.5;37.5;5;10;
;;;;;;;;;;;
how to manage the task stack in android;8;4;0;0;2;2;25.0;25.0;5;10;
;;;;;;;;;;;
how to remove items from an array;7;4;0;0;1;2;14.29;28.57;5;10;
;;;;;;;;;;;
getimage url applet;3;0;0;0;0;3;0.0;100.0;5;10;
;;;;;;;;;;;
load image project path;4;0;0;0;0;4;0.0;100.0;5;10;
;;;;;;;;;;;
How to create a hashmap;5;1;0;0;1;1;20.0;20.0;5;10;
;;;;;;;;;;;
String conversion;2;0;0;0;0;2;0.0;100.0;5;10;
;;;;;;;;;;;
fibonacci sequence;2;0;0;0;0;2;0.0;100.0;5;10;
;;;;;;;;;;;
leap year;2;0;0;0;0;2;0.0;100.0;5;10;
;;;;;;;;;;;
zuul spring security eureka;4;0;0;0;0;3;0.0;75.0;5;10;
